Time,pods,cpu,memory,rt,tp
2023-12-24 00:14:00,1.0,0.1047327157239919,856064.0,0.0083333333333333,8.0
2023-12-24 00:15:00,1.0,0.1208450719447476,856064.0,0.007,9.2
2023-12-24 00:16:00,1.0,0.1343073493917607,856064.0,0.00835,9.133
2023-12-24 00:17:00,1.0,0.1453777366976741,856064.0,0.0076428571428571,10.933
2023-12-24 00:18:00,1.0,0.1611904913200261,856064.0,0.00559375,10.533
2023-12-24 00:19:00,1.0,0.1692692622741423,856064.0,0.0075357142857142,9.933
2023-12-24 00:20:00,1.0,0.1729765935145254,856064.0,0.0048067796610169,10.133
2023-12-24 00:21:00,1.0,0.1835238687085501,856064.0,0.00725,11.933
2023-12-24 00:22:00,1.0,0.1883719539936651,856064.0,0.0066785714285714,11.467
2023-12-24 00:23:00,1.0,0.1916734141715299,856064.0,0.0081111111111111,9.6
2023-12-24 00:24:00,1.0,0.1890145450540085,856064.0,0.00496875,9.267
2023-12-24 00:25:00,1.0,0.1856710798028353,856064.0,0.0070357142857142,8.333
2023-12-24 00:26:00,1.0,0.1698489800538164,856064.0,0.0068749999999999,5.6
2023-12-24 00:27:00,1.0,0.1552385898824868,856064.0,0.015,5.4
2023-12-24 00:28:00,1.0,0.1481709726105443,856064.0,0.0088749999999999,5.0
2023-12-24 00:29:00,1.0,0.1454179600798617,856064.0,0.0099230769230769,6.733
2023-12-24 00:30:00,1.0,0.141629514158366,856064.0,0.00625,4.933
2023-12-24 00:31:00,1.0,0.1495240667686972,856064.0,0.0057499999999999,7.4
2023-12-24 00:32:00,1.0,0.1562055997651587,856064.0,0.0065833333333333,8.0
2023-12-24 00:33:00,1.0,0.1583119378646284,856064.0,0.0093571428571428,7.4
2023-12-24 00:34:00,1.0,0.1643135573513806,856064.0,0.0055499999999999,9.933
2023-12-24 00:35:00,1.0,0.1660939815833764,856064.0,0.0058333333333333,7.867
2023-12-24 00:36:00,1.0,0.1703279967402262,856064.0,0.0094999999999999,8.667
2023-12-24 00:37:00,1.0,0.1666509682061735,856064.0,0.0083124999999999,7.067
2023-12-24 00:38:00,1.0,0.172451030566496,856064.0,0.008325,9.733
2023-12-24 00:39:00,1.0,0.1645484815064428,856064.0,0.0074583333333333,5.733
2023-12-24 00:40:00,1.0,0.1631575678087401,856064.0,0.0094999999999999,5.933
2023-12-24 00:41:00,1.0,0.1547301259345096,856064.0,0.0197499999999999,5.0
2023-12-24 00:42:00,1.0,0.1462296591150912,856064.0,0.0048790697674418,4.267
2023-12-24 00:43:00,1.0,0.1356496915116029,856064.0,0.01765,7.333
2023-12-24 00:44:00,1.0,0.1475365304776522,856064.0,0.0080312499999999,12.2
2023-12-24 00:45:00,1.0,0.1496231888302756,856064.0,0.00545,8.867
2023-12-24 00:46:00,1.0,0.1529444686636985,856064.0,0.0062,6.333
2023-12-24 00:47:00,1.0,0.1564026963143699,856064.0,0.0105,7.933
2023-12-24 00:48:00,1.0,0.1547765658539801,856064.0,0.0152499999999999,6.667
2023-12-24 00:49:00,1.0,0.1661656917937019,856064.0,0.0063571428571428,12.0
2023-12-24 00:50:00,1.0,0.1673413258910102,856064.0,0.0049612903225806,7.8
2023-12-24 00:51:00,1.0,0.1601031734308574,856064.0,0.0194999999999999,4.067
2023-12-24 00:52:00,1.0,0.165454452989068,856064.0,0.0049930232558139,8.333
2023-12-24 00:53:00,1.0,0.1613790456350964,856064.0,0.0057142857142856,12.4
2023-12-24 00:54:00,1.0,0.1569518625849067,856064.0,0.0049561643835616,6.467
2023-12-24 00:55:00,1.0,0.1563263175852561,856064.0,0.0071999999999999,6.2
2023-12-24 00:56:00,1.0,0.1559114436865288,856064.0,0.0065624999999999,5.067
2023-12-24 00:57:00,1.0,0.1491680808511838,856064.0,0.0079642857142857,5.133
2023-12-24 00:58:00,1.0,0.1511936950258014,856064.0,0.0085,8.0
2023-12-24 00:59:00,1.0,0.1609676061371821,856064.0,0.0085833333333333,10.2
2023-12-24 01:00:00,1.0,0.179613071422927,856064.0,0.0117999999999999,15.533
2023-12-24 01:01:00,1.0,0.1893881731015533,856064.0,0.0081666666666666,12.733
2023-12-24 01:02:00,1.0,0.2097945724783006,856064.0,0.0080714285714285,12.867
2023-12-24 01:03:00,1.0,0.2222970886229267,856064.0,0.0097692307692307,14.133
2023-12-24 01:04:00,1.0,0.2217054380017429,856064.0,0.0086428571428571,14.597
2023-12-24 01:05:00,1.0,0.2168311021459647,856064.0,0.0048957142857142,14.333
2023-12-24 01:06:00,1.0,0.2140325888816698,856064.0,0.0048974999999999,16.067
2023-12-24 01:07:00,1.0,0.2083562110299711,856064.0,0.0087083333333333,16.667
2023-12-24 01:08:00,1.0,0.2153910989440877,856064.0,0.0073333333333333,13.867
2023-12-24 01:09:00,1.0,0.2217783103359126,856064.0,0.0068124999999999,13.8
2023-12-24 01:10:00,1.0,0.2177690656271436,856064.0,0.0096911764705882,11.667
2023-12-24 01:11:00,1.0,0.2250473303027224,856064.0,0.00775,13.733
2023-12-24 01:12:00,1.0,0.2277819737551518,856064.0,0.0104285714285714,14.8
2023-12-24 01:13:00,1.0,0.2253186212729412,856064.0,0.00915,13.867
2023-12-24 01:14:00,1.0,0.2280572503140545,856064.0,0.0081666666666666,16.333
2023-12-24 01:15:00,1.0,0.2333589810959974,856064.0,0.0049771084337349,16.086
2023-12-24 01:16:00,1.0,0.2311344016373465,856064.0,0.0087321428571428,15.4
2023-12-24 01:17:00,1.0,0.2334583702992901,856064.0,0.0057222222222222,15.6
2023-12-24 01:18:00,1.0,0.2326999318962436,856064.0,0.0214999999999999,12.6
2023-12-24 01:19:00,1.0,0.2336351655650868,856064.0,0.0049975155279503,14.533
2023-12-24 01:20:00,1.0,0.2295404871663611,856064.0,0.0049113772455089,16.667
2023-12-24 01:21:00,1.0,0.2227119752036298,856064.0,0.0061999999999999,12.467
2023-12-24 01:22:00,1.0,0.2147278718680367,856064.0,0.0069772727272727,11.8
2023-12-24 01:23:00,1.0,0.2085818845947916,856064.0,0.0049176470588235,13.867
2023-12-24 01:24:00,1.0,0.2061310722495701,856064.0,0.00503125,11.8
2023-12-24 01:25:00,1.0,0.2041907434734919,856064.0,0.0083,10.667
2023-12-24 01:26:00,1.0,0.2114905437218772,856064.0,0.005625,15.6
2023-12-24 01:27:00,1.0,0.2204544373421806,856064.0,0.0087222222222222,13.533
2023-12-24 01:28:00,1.0,0.2248994433862589,856064.0,0.0095277777777777,15.667
2023-12-24 01:29:00,1.0,0.2285613327442037,856064.0,0.0074374999999999,14.4
2023-12-24 01:30:00,1.0,0.2301232485754962,856064.0,0.0078888888888888,13.267
2023-12-24 01:31:00,1.0,0.2181385593236733,856064.0,0.0048517482517482,13.8
2023-12-24 01:32:00,1.0,0.2234882888850322,856064.0,0.0053333333333333,14.133
2023-12-24 01:33:00,1.0,0.2176684938977865,856064.0,0.0049890909090909,17.667
2023-12-24 01:34:00,1.0,0.2194995265632491,856064.0,0.004994366197183,14.6
2023-12-24 01:35:00,1.0,0.215167373750703,856064.0,0.0111666666666666,16.203
2023-12-24 01:36:00,1.0,0.2237977012546783,856064.0,0.009095238095238,19.467
2023-12-24 01:37:00,1.0,0.2319941688302089,856064.0,0.0093035714285714,19.867
2023-12-24 01:38:00,1.0,0.2372931965846167,856064.0,0.0078529411764705,22.533
2023-12-24 01:39:00,1.0,0.2488286763692687,856064.0,0.0048866995073891,20.867
2023-12-24 01:40:00,1.0,0.249304228302291,856064.0,0.0094999999999999,15.467
2023-12-24 01:41:00,1.0,0.2443521838955564,856064.0,0.0056346153846153,21.4
2023-12-24 01:42:00,1.0,0.2419958037986351,856064.0,0.0073666666666666,25.667
2023-12-24 01:43:00,1.0,0.2393911934477557,856064.0,0.0094558823529411,17.867
2023-12-24 01:44:00,1.0,0.2423796706312883,856064.0,0.0073833333333333,18.667
2023-12-24 01:45:00,1.0,0.2441157764043744,856064.0,0.0157321428571428,21.0
2023-12-24 01:46:00,1.0,0.2498818143055425,856064.0,0.0049625570776255,21.667
2023-12-24 01:47:00,1.0,0.2451687513955287,856064.0,0.0054749999999999,21.467
2023-12-24 01:48:00,1.0,0.2519452074263547,856064.0,0.0112187499999999,22.267
2023-12-24 01:49:00,1.0,0.2490617754065849,856064.0,0.0088333333333333,22.133
2023-12-24 01:50:00,1.0,0.2518989612973258,856064.0,0.0094166666666666,17.8
2023-12-24 01:51:00,1.0,0.2414167938804014,856064.0,0.0084374999999999,15.667
2023-12-24 01:52:00,1.0,0.2429158237733612,856064.0,0.0092023809523809,24.6
2023-12-24 01:53:00,1.0,0.2485749521480296,856064.0,0.0048872037914691,23.467
2023-12-24 01:54:00,1.0,0.2589374944530287,856064.0,0.0093235294117646,20.2
2023-12-24 01:55:00,1.0,0.2657300988995637,856064.0,0.00825,17.6
2023-12-24 01:56:00,1.0,0.271857392907017,856064.0,0.0049736585365853,21.333
2023-12-24 01:57:00,1.0,0.2711893257837603,856064.0,0.0086637931034482,24.133
2023-12-24 01:58:00,1.0,0.2717050762254475,856064.0,0.0072368421052631,24.8
2023-12-24 01:59:00,1.0,0.2542610544633034,856064.0,0.0063653846153846,23.333
2023-12-24 02:00:00,1.0,0.2628729451359222,856064.0,0.0048792452830188,27.4
2023-12-24 02:01:00,1.0,0.2685745149514636,856064.0,0.0088157894736842,24.605
2023-12-24 02:02:00,1.0,0.2725483314316584,856064.0,0.0055166666666666,27.333
2023-12-24 02:03:00,1.0,0.2923714859864415,856064.0,0.0198749999999998,27.867
2023-12-24 02:04:00,1.0,0.3054468783104326,856064.0,0.00915625,26.458
2023-12-24 02:05:00,1.0,0.3059198583469188,856064.0,0.0048731092436974,26.2
2023-12-24 02:06:00,1.0,0.3018420283410046,856064.0,0.006015625,26.667
2023-12-24 02:07:00,1.0,0.3027795672237621,856064.0,0.0076944444444444,25.733
2023-12-24 02:08:00,1.0,0.2986017267602517,856064.0,0.0088804347826086,26.333
2023-12-24 02:09:00,1.0,0.2905176872645345,856064.0,0.0059583333333333,26.2
2023-12-24 02:10:00,1.0,0.2931327031952743,856064.0,0.009515625,25.8
2023-12-24 02:11:00,1.0,0.2938509400378057,856064.0,0.0062272727272726,25.8
2023-12-24 02:12:00,1.0,0.2865269371165079,856064.0,0.0118214285714285,23.467
2023-12-24 02:13:00,1.0,0.2897137822584951,856064.0,0.0090258620689655,25.338
2023-12-24 02:14:00,1.0,0.297270330583565,856064.0,0.0086810344827586,27.941
2023-12-24 02:15:00,1.0,0.30736097835207,856064.0,0.0080892857142857,22.733
2023-12-24 02:16:00,1.0,0.3111387383222981,856064.0,0.0084999999999999,26.944
2023-12-24 02:17:00,1.0,0.3127899584422953,856064.0,0.0049101123595505,25.8
2023-12-24 02:18:00,1.0,0.3101191524058873,856064.0,0.0068593749999999,28.333
2023-12-24 02:19:00,1.0,0.3074871840304689,856064.0,0.0084921874999999,27.733
2023-12-24 02:20:00,1.0,0.3009353468376672,856064.0,0.0063928571428571,25.4
2023-12-24 02:21:00,1.0,0.2884311168251439,856064.0,0.0049054945054945,29.806
2023-12-24 02:22:00,1.0,0.2892257567394763,856064.0,0.0049570881226053,29.467
2023-12-24 02:23:00,1.0,0.3028723767097417,856064.0,0.0098645833333333,31.133
2023-12-24 02:24:00,1.0,0.2962478242763905,856064.0,0.0053472222222222,28.8
2023-12-24 02:25:00,1.0,0.2978595704410955,856064.0,0.0061447368421052,27.8
2023-12-24 02:26:00,1.0,0.3037022523854206,856064.0,0.0096363636363636,26.0
2023-12-24 02:27:00,1.0,0.2936404469725116,856064.0,0.0084473684210526,19.933
2023-12-24 02:28:00,1.0,0.2697046308192949,856064.0,0.0049686868686868,20.8
2023-12-24 02:29:00,1.0,0.2666963419982988,856064.0,0.012735294117647,26.333
2023-12-24 02:30:00,1.0,0.2675354672616989,856064.0,0.0073088235294117,24.267
2023-12-24 02:31:00,1.0,0.2798523017533314,856064.0,0.0088148148148148,30.733
2023-12-24 02:32:00,1.0,0.2943274494004448,856064.0,0.0091911764705882,26.0
2023-12-24 02:33:00,1.0,0.2985838498975929,856064.0,0.0066944444444444,24.067
2023-12-24 02:34:00,1.0,0.2893551418686526,856064.0,0.0078888888888888,17.333
2023-12-24 02:35:00,1.0,0.2848557559154259,856064.0,0.0098249999999999,22.4
2023-12-24 02:36:00,1.0,0.2667360715781261,856064.0,0.008125,17.533
2023-12-24 02:37:00,1.0,0.2604892360789554,856064.0,0.0049140939597315,27.333
2023-12-24 02:38:00,1.0,0.2714545618877553,856064.0,0.0049172161172161,26.467
2023-12-24 02:39:00,1.0,0.2857855734329636,856064.0,0.0088879310344827,28.867
2023-12-24 02:40:00,1.0,0.293518160724395,856064.0,0.0049636363636363,26.933
2023-12-24 02:41:00,1.0,0.2993001855651284,856064.0,0.0076428571428571,24.733
2023-12-24 02:42:00,1.0,0.2982407670080912,856064.0,0.009575,26.077
2023-12-24 02:43:00,1.0,0.2741883377484035,856064.0,0.0078461538461538,19.267
2023-12-24 02:44:00,1.0,0.2628916015212847,856064.0,0.0065192307692307,18.333
2023-12-24 02:45:00,1.0,0.2593387923428681,856064.0,0.0140961538461538,21.533
2023-12-24 02:46:00,1.0,0.2604070123583984,856064.0,0.0049499999999999,23.2
2023-12-24 02:47:00,1.0,0.2384983304224214,856064.0,0.005625,19.8
2023-12-24 02:48:00,1.0,0.2531823262037589,856064.0,0.0094078947368421,18.533
2023-12-24 02:49:00,1.0,0.2559465545022147,856064.0,0.0083823529411764,17.867
2023-12-24 02:50:00,1.0,0.2584391876695914,856064.0,0.0100468749999999,22.867
2023-12-24 02:51:00,1.0,0.2602728108682679,856064.0,0.0049616438356164,26.2
2023-12-24 02:52:00,1.0,0.2697954054839069,856064.0,0.0079,21.333
2023-12-24 02:53:00,1.0,0.2763149360428544,856064.0,0.0076184210526315,22.467
2023-12-24 02:54:00,1.0,0.2825620971368016,856064.0,0.0121666666666667,19.467
2023-12-24 02:55:00,1.0,0.283254688477448,856064.0,0.0078125,21.133
2023-12-24 02:56:00,1.0,0.2700005796296695,856064.0,0.0077916666666666,19.133
2023-12-24 02:57:00,1.0,0.2616167268579529,856064.0,0.0096625,18.867
2023-12-24 02:58:00,1.0,0.2540506432063298,856064.0,0.0078125,17.4
2023-12-24 02:59:00,1.0,0.2532353550280973,856064.0,0.0091842105263157,17.4
2023-12-24 03:00:00,1.0,0.2443528730273253,856064.0,0.0076428571428571,15.267
2023-12-24 03:01:00,1.0,0.241906462869912,856064.0,0.0064166666666666,15.8
2023-12-24 03:02:00,1.0,0.2352327970971925,856064.0,0.0072692307692307,14.8
2023-12-24 03:03:00,1.0,0.2427762191181472,856064.0,0.0064038461538461,20.6
2023-12-24 03:04:00,1.0,0.2496366020097999,856064.0,0.0090673076923076,23.0
2023-12-24 03:05:00,1.0,0.2539331544757582,856064.0,0.0085124999999999,21.533
2023-12-24 03:06:00,1.0,0.2656618301010495,856064.0,0.0087692307692307,17.6
2023-12-24 03:07:00,1.0,0.2647625773790385,856064.0,0.0086944444444444,16.467
2023-12-24 03:08:00,1.0,0.2492131080279808,856064.0,0.0085892857142857,13.067
2023-12-24 03:09:00,1.0,0.2351498456481124,856064.0,0.0096249999999999,14.333
2023-12-24 03:10:00,1.0,0.2152858021949514,856064.0,0.009326923076923,11.667
2023-12-24 03:11:00,1.0,0.2068094949258796,856064.0,0.0152499999999999,9.2
2023-12-24 03:12:00,1.0,0.1967546732849038,856064.0,0.0080208333333333,8.667
2023-12-24 03:13:00,1.0,0.1839927109378486,856064.0,0.0107499999999999,8.8
2023-12-24 03:14:00,1.0,0.1724538398697907,856064.0,0.0076590909090909,7.8
2023-12-24 03:15:00,1.0,0.163325421647576,856064.0,0.0099166666666666,5.4
2023-12-24 03:16:00,1.0,0.1502475557062114,856064.0,0.0203499999999999,5.533
2023-12-24 03:17:00,1.0,0.1553960901213958,856064.0,0.0124999999999999,6.867
2023-12-24 03:18:00,1.0,0.1463643803773271,856064.0,0.01525,4.467
2023-12-24 03:19:00,1.0,0.1552874064366597,856064.0,0.008861111111111,12.133
2023-12-24 03:20:00,1.0,0.1640565559433207,856064.0,0.0073928571428571,11.933
2023-12-24 03:21:00,1.0,0.1726936155360552,856064.0,0.0081458333333333,8.2
2023-12-24 03:22:00,1.0,0.1763224991890395,856064.0,0.0079166666666666,7.933
2023-12-24 03:23:00,1.0,0.1831643740228907,856064.0,0.0066071428571428,10.0
2023-12-24 03:24:00,1.0,0.1784640556732684,856064.0,0.01105,8.4
2023-12-24 03:25:00,1.0,0.1737747811144085,856064.0,0.006125,7.2
2023-12-24 03:26:00,1.0,0.1737012593831015,856064.0,0.0065625,8.4
2023-12-24 03:27:00,1.0,0.1722694462568576,856064.0,0.0091499999999999,7.667
2023-12-24 03:28:00,1.0,0.1750104534242514,856064.0,0.0098125,9.2
2023-12-24 03:29:00,1.0,0.179703339666527,856064.0,0.004956923076923,12.467
2023-12-24 03:30:00,1.0,0.1763241073628151,856064.0,0.00535,7.667
2023-12-24 03:31:00,1.0,0.1706552522920276,856064.0,0.0050999999999999,6.333
2023-12-24 03:32:00,1.0,0.1714612358810691,856064.0,0.0137499999999999,5.733
2023-12-24 03:33:00,1.0,0.1611447641480616,856064.0,0.0098333333333333,6.6
2023-12-24 03:34:00,1.0,0.1580419944609491,856064.0,0.004903448275862,8.2
2023-12-24 03:35:00,1.0,0.1542355370160486,856064.0,0.0059583333333333,7.933
2023-12-24 03:36:00,1.0,0.1635063238690891,856064.0,0.0089499999999999,5.533
2023-12-24 03:37:00,1.0,0.1557095788349849,856064.0,0.00725,6.667
2023-12-24 03:38:00,1.0,0.1642994636852359,856064.0,0.0396874999999998,6.0
2023-12-24 03:39:00,1.0,0.1623322292384946,856064.0,0.0049645569620253,7.933
2023-12-24 03:40:00,1.0,0.1607761843936602,856064.0,0.008125,6.467
2023-12-24 03:41:00,1.0,0.1560030050167296,856064.0,0.0291666666666665,7.067
2023-12-24 03:42:00,1.0,0.154113289112327,856064.0,0.0134999999999999,5.867
2023-12-24 03:43:00,1.0,0.1504626498065057,856064.0,0.0076999999999999,6.667
2023-12-24 03:44:00,1.0,0.1548049334740766,856064.0,0.0167499999999996,5.667
2023-12-24 03:45:00,1.0,0.159827859903068,856064.0,0.0092499999999999,6.533
2023-12-24 03:46:00,1.0,0.1617516456027463,856064.0,0.0092777777777777,7.133
2023-12-24 03:47:00,1.0,0.1634906993605857,856064.0,0.008,6.8
2023-12-24 03:48:00,1.0,0.167454520812264,856064.0,0.0072857142857142,7.733
2023-12-24 03:49:00,1.0,0.1656599305384735,856064.0,0.0059166666666666,7.133
2023-12-24 03:50:00,1.0,0.1632615616678526,856064.0,0.0069999999999999,8.4
2023-12-24 03:51:00,1.0,0.1571115573554395,856064.0,0.0076874999999999,7.2
2023-12-24 03:52:00,1.0,0.1609384746424705,856064.0,0.0079999999999999,6.933
2023-12-24 03:53:00,1.0,0.1590436453775579,856064.0,0.0082499999999999,6.733
2023-12-24 03:54:00,1.0,0.1606417829811859,856064.0,0.0211,7.467
2023-12-24 03:55:00,1.0,0.1529649027009722,856064.0,0.00775,5.867
2023-12-24 03:56:00,1.0,0.1520444875516922,856064.0,0.0049626666666666,6.533
2023-12-24 03:57:00,1.0,0.1511676004945264,856064.0,0.0093437499999999,8.133
2023-12-24 03:58:00,1.0,0.147384927905094,856064.0,0.0227499999999999,5.867
2023-12-24 03:59:00,1.0,0.1507532867549261,856064.0,0.0159999999999999,5.6
2023-12-24 04:00:00,1.0,0.1538546731489052,856064.0,0.0093499999999999,5.134
2023-12-24 04:01:00,1.0,0.1559591392872247,856064.0,0.0087916666666666,7.0
2023-12-24 04:02:00,1.0,0.1581942281397159,856064.0,0.0079166666666666,7.333
2023-12-24 04:03:00,1.0,0.1624930983485637,856064.0,0.0079166666666666,8.4
2023-12-24 04:04:00,1.0,0.1632181512561904,856064.0,0.0048888888888888,6.733
2023-12-24 04:05:00,1.0,0.1620743295178012,856064.0,0.0049837209302325,8.2
2023-12-24 04:06:00,1.0,0.1601309246686142,856064.0,0.0049269841269841,5.533
2023-12-24 04:07:00,1.0,0.1586809142062931,856064.0,0.006,5.8
2023-12-24 04:08:00,1.0,0.1552275646706149,856064.0,0.0082499999999999,7.067
2023-12-24 04:09:00,1.0,0.1558379164059681,856064.0,0.0104999999999999,6.267
2023-12-24 04:10:00,1.0,0.1454587177365695,856064.0,0.0049033333333333,6.0
2023-12-24 04:11:00,1.0,0.1494574603798639,856064.0,0.0202499999999999,6.933
2023-12-24 04:12:00,1.0,0.1511467381167102,856064.0,0.0065357142857142,6.4
2023-12-24 04:13:00,1.0,0.1504017749450262,856064.0,0.009,4.733
2023-12-24 04:14:00,1.0,0.1532091227904156,856064.0,0.0088928571428571,7.8
2023-12-24 04:15:00,1.0,0.1486297448204563,856064.0,0.0064999999999999,3.667
2023-12-24 04:16:00,1.0,0.1471852070510476,856064.0,0.00495,6.267
2023-12-24 04:17:00,1.0,0.1459322254788703,856064.0,0.0152499999999999,5.933
2023-12-24 04:18:00,1.0,0.1428303478691129,856064.0,0.0084166666666666,7.667
2023-12-24 04:19:00,1.0,0.1488742950713844,856064.0,0.0091428571428571,8.267
2023-12-24 04:20:00,1.0,0.1534570142293971,856064.0,0.0049784615384615,5.667
2023-12-24 04:21:00,1.0,0.1537534241682442,856064.0,0.0086249999999999,4.4
2023-12-24 04:22:00,1.0,0.1548796515418332,856064.0,0.0061249999999999,6.0
2023-12-24 04:23:00,1.0,0.1543299185186948,856064.0,0.0096071428571428,6.067
2023-12-24 04:24:00,1.0,0.1461531531008566,856064.0,0.0126250000000001,4.933
2023-12-24 04:25:00,1.0,0.1355769570677248,856064.0,0.0599999999999999,1.0
2023-12-24 04:26:00,1.0,0.1413253833611071,856064.0,0.0169374999999999,5.8
2023-12-24 04:27:00,1.0,0.1405562325362299,856064.0,0.0081249999999999,3.333
2023-12-24 04:28:00,1.0,0.1339226218431355,856064.0,0.0122499999999999,2.333
2023-12-24 04:29:00,1.0,0.141226210704821,856064.0,0.0164999999999999,3.4
2023-12-24 04:30:00,1.0,0.1420032241130714,856064.0,0.0082499999999999,1.933
2023-12-24 04:31:00,1.0,0.1397156849964587,856064.0,0.0082499999999999,5.4
2023-12-24 04:32:00,1.0,0.1311217394475642,856064.0,0.0047947368421052,2.467
2023-12-24 04:33:00,1.0,0.1376425637403336,856064.0,0.009125,4.467
2023-12-24 04:34:00,1.0,0.1376939487613396,856064.0,0.04,4.4
2023-12-24 04:35:00,1.0,0.1410191018592794,856064.0,0.00488,5.133
2023-12-24 04:36:00,1.0,0.1413465604783627,856064.0,0.0048413793103448,4.667
2023-12-24 04:37:00,1.0,0.1468926723201937,856064.0,0.0092142857142857,7.0
2023-12-24 04:38:00,1.0,0.1512315540671354,856064.0,0.0085,4.0
2023-12-24 04:39:00,1.0,0.1414665909971401,856064.0,0.0077499999999999,1.267
2023-12-24 04:40:00,1.0,0.1347353833350186,856064.0,0.00575,1.133
2023-12-24 04:41:00,1.0,0.1370199385062498,856064.0,0.006125,5.2
2023-12-24 04:42:00,1.0,0.1338562400263721,856064.0,0.0062499999999999,4.2
2023-12-24 04:43:00,1.0,0.1271067279293632,856064.0,0.0234999999999997,4.267
2023-12-24 04:44:00,1.0,0.133946266721293,856064.0,0.0059166666666666,3.2
2023-12-24 04:45:00,1.0,0.137336375393606,856064.0,0.0048461538461538,3.867
2023-12-24 04:46:00,1.0,0.1356499857114968,856064.0,0.0048949152542372,4.733
2023-12-24 04:47:00,1.0,0.1400206431621379,856064.0,0.0053124999999999,6.4
2023-12-24 04:48:00,1.0,0.1454936862260614,856064.0,0.025,5.6
2023-12-24 04:49:00,1.0,0.142179292438125,856064.0,0.0055833333333333,3.6
2023-12-24 04:50:00,1.0,0.1457102028470998,856064.0,0.013,5.2
2023-12-24 04:51:00,1.0,0.1484794334102614,856064.0,0.0086666666666666,4.867
2023-12-24 04:52:00,1.0,0.1318526272225038,856064.0,0.0004749999999999,0.067
2023-12-24 04:53:00,1.0,0.1270322097519149,856064.0,0.0047882352941176,1.4
2023-12-24 04:54:00,1.0,0.125407957507194,856064.0,0.0049446808510638,3.867
2023-12-24 04:55:00,1.0,0.1237583886356127,856064.0,0.0048953846153846,4.533
2023-12-24 04:56:00,1.0,0.1274655559321266,856064.0,0.0208749999999999,6.2
2023-12-24 04:57:00,1.0,0.1409260169702566,856064.0,0.0068499999999999,5.2
2023-12-24 04:58:00,1.0,0.1402320629357509,856064.0,0.01285,5.267
2023-12-24 04:59:00,1.0,0.1456921732219506,856064.0,0.0048696969696969,5.333
2023-12-24 05:00:00,1.0,0.144178886396549,856064.0,0.0197499999999999,6.133
2023-12-24 05:01:00,1.0,0.1422152424864058,856064.0,0.0049466666666666,3.6
2023-12-24 05:02:00,1.0,0.1385121329942474,856064.0,0.041875,4.733
2023-12-24 05:03:00,1.0,0.1354375608008242,856064.0,0.0049599999999999,3.133
2023-12-24 05:04:00,1.0,0.1341906344348497,856064.0,0.0077142857142857,5.6
2023-12-24 05:05:00,1.0,0.1398876959560056,856064.0,0.0362499999999998,8.4
2023-12-24 05:06:00,1.0,0.1492310136515846,856064.0,0.0073571428571428,7.533
2023-12-24 05:07:00,1.0,0.1507910060733856,856064.0,0.00775,8.133
2023-12-24 05:08:00,1.0,0.1547712512701791,856064.0,0.0049884057971014,5.733
2023-12-24 05:09:00,1.0,0.1582820903078365,856064.0,0.0077857142857142,8.067
2023-12-24 05:10:00,1.0,0.1558756133827877,856064.0,0.0068214285714285,7.333
2023-12-24 05:11:00,1.0,0.154559067535829,856064.0,0.0049873015873015,5.733
2023-12-24 05:12:00,1.0,0.1514477330412653,856064.0,0.0095833333333333,4.4
2023-12-24 05:13:00,1.0,0.1467507845258766,856064.0,0.0071499999999999,3.8
2023-12-24 05:14:00,1.0,0.1432848944956661,856064.0,0.0051874999999999,4.933
2023-12-24 05:15:00,1.0,0.1406451458826535,856064.0,0.0075,7.4
2023-12-24 05:16:00,1.0,0.1434794922436546,856064.0,0.0069583333333333,7.2
2023-12-24 05:17:00,1.0,0.1462894858534443,856064.0,0.0049215189873417,6.0
2023-12-24 05:18:00,1.0,0.1476435415517076,856064.0,0.005,6.8
2023-12-24 05:19:00,1.0,0.1425771838581924,856064.0,0.004790243902439,3.067
2023-12-24 05:20:00,1.0,0.1329780882309944,856064.0,0.0049661971830985,6.133
2023-12-24 05:21:00,1.0,0.133720768587181,856064.0,0.0167499999999999,3.4
2023-12-24 05:22:00,1.0,0.1360199670160538,856064.0,0.004981081081081,5.733
2023-12-24 05:23:00,1.0,0.1430747403384606,856064.0,0.0048415584415584,6.867
2023-12-24 05:24:00,1.0,0.1603563200595138,856064.0,0.0091428571428571,8.333
2023-12-24 05:25:00,1.0,0.1673591367573489,856064.0,0.0049734939759036,7.267
2023-12-24 05:26:00,1.0,0.1721183952290421,856064.0,0.0095499999999999,6.067
2023-12-24 05:27:00,1.0,0.1712113775495765,856064.0,0.0076666666666666,6.0
2023-12-24 05:28:00,1.0,0.1680796853619618,856064.0,0.0068749999999999,7.333
2023-12-24 05:29:00,1.0,0.156634390017316,856064.0,0.0074,5.8
2023-12-24 05:30:00,1.0,0.1549847704590071,856064.0,0.0049774647887323,5.733
2023-12-24 05:31:00,1.0,0.1468741588726204,856064.0,0.0056249999999999,6.0
2023-12-24 05:32:00,1.0,0.149248002012451,856064.0,0.0049260273972602,5.933
2023-12-24 05:33:00,1.0,0.1554155547128101,856064.0,0.0083333333333333,7.8
2023-12-24 05:34:00,1.0,0.1563740451472686,856064.0,0.0069285714285714,5.533
2023-12-24 05:35:00,1.0,0.1598553110851062,856064.0,0.0124374999999998,7.0
2023-12-24 05:36:00,1.0,0.16467836621469,856064.0,0.0053999999999999,7.467
2023-12-24 05:37:00,1.0,0.1616919412235977,856064.0,0.0086875,6.871
2023-12-24 05:38:00,1.0,0.1630694733313939,856064.0,0.0087999999999999,8.333
2023-12-24 05:39:00,1.0,0.1700612447665257,856064.0,0.0071249999999999,9.067
2023-12-24 05:40:00,1.0,0.1750515225052436,856064.0,0.0103749999999999,6.4
2023-12-24 05:41:00,1.0,0.1734309441688487,856064.0,0.00675,6.399
2023-12-24 05:42:00,1.0,0.1738910486283056,856064.0,0.0086071428571428,6.667
2023-12-24 05:43:00,1.0,0.1620175967889293,856064.0,0.0049189189189189,6.0
2023-12-24 05:44:00,1.0,0.1643367147880208,856064.0,0.0063749999999999,6.8
2023-12-24 05:45:00,1.0,0.1654118635745787,856064.0,0.0434374999999999,6.933
2023-12-24 05:46:00,1.0,0.1672828516488576,856064.0,0.0126249999999998,5.867
2023-12-24 05:47:00,1.0,0.1788723743199798,856064.0,0.0099772727272727,11.267
2023-12-24 05:48:00,1.0,0.1813328279844668,856064.0,0.0067142857142856,9.867
2023-12-24 05:49:00,1.0,0.1966370255197243,856064.0,0.0049654135338345,11.333
2023-12-24 05:50:00,1.0,0.2051632359706847,856064.0,0.0074999999999999,11.267
2023-12-24 05:51:00,1.0,0.2196753874241372,856064.0,0.0107499999999999,9.933
2023-12-24 05:52:00,1.0,0.2168796936108918,856064.0,0.0049930434782608,9.604
2023-12-24 05:53:00,1.0,0.2195494842246453,856064.0,0.008140625,13.133
2023-12-24 05:54:00,1.0,0.2163886614029019,856064.0,0.0094499999999999,9.8
2023-12-24 05:55:00,1.0,0.2072807014211534,856064.0,0.0049383177570093,10.0
2023-12-24 05:56:00,1.0,0.1977380356487742,856064.0,0.018625,7.933
2023-12-24 05:57:00,1.0,0.1930997268933233,856064.0,0.0128749999999999,9.0
2023-12-24 05:58:00,1.0,0.1871511830064762,856064.0,0.0049464566929133,10.0
2023-12-24 05:59:00,1.0,0.1867257735635253,856064.0,0.0086617647058823,12.733
2023-12-24 06:00:00,1.0,0.1999903376056295,856064.0,0.0082045454545454,16.267
2023-12-24 06:01:00,1.0,0.2041652051882975,856064.0,0.0084999999999999,13.333
2023-12-24 06:02:00,1.0,0.2027358489809032,856064.0,0.0099166666666666,13.533
2023-12-24 06:03:00,1.0,0.2025758969417281,856064.0,0.0049191489361702,12.933
2023-12-24 06:04:00,1.0,0.2089675105226244,856064.0,0.0076346153846153,14.933
2023-12-24 06:05:00,1.0,0.2034202526296916,856064.0,0.0091111111111111,12.867
2023-12-24 06:06:00,1.0,0.1985846023581154,856064.0,0.0055999999999999,8.6
2023-12-24 06:07:00,1.0,0.1972008816521139,856064.0,0.0114999999999999,8.533
2023-12-24 06:08:00,1.0,0.1856112820116208,856064.0,0.0094999999999999,6.8
2023-12-24 06:09:00,1.0,0.174217625874417,856064.0,0.0063124999999999,10.533
2023-12-24 06:10:00,1.0,0.1768350269078838,856064.0,0.0049818181818181,12.667
2023-12-24 06:11:00,1.0,0.1800577194828779,856064.0,0.0085972222222222,9.333
2023-12-24 06:12:00,1.0,0.181215161640602,856064.0,0.0117499999999999,11.133
2023-12-24 06:13:00,1.0,0.1928111962622496,856064.0,0.0049611111111111,10.667
2023-12-24 06:14:00,1.0,0.195142430425222,856064.0,0.0068333333333333,12.8
2023-12-24 06:15:00,1.0,0.198568466801128,856064.0,0.0191249999999999,12.533
2023-12-24 06:16:00,1.0,0.1984857316407026,856064.0,0.0085416666666666,13.993
2023-12-24 06:17:00,1.0,0.1930747420881411,856064.0,0.0329166666666666,8.067
2023-12-24 06:18:00,1.0,0.1922403562682909,856064.0,0.0075681818181818,13.8
2023-12-24 06:19:00,1.0,0.1981520741231696,856064.0,0.0157187499999999,17.267
2023-12-24 06:20:00,1.0,0.211841029632733,856064.0,0.0134999999999999,18.333
2023-12-24 06:21:00,1.0,0.2157540463799716,856064.0,0.0089833333333333,13.267
2023-12-24 06:22:00,1.0,0.2184661401066278,856064.0,0.0049657142857142,10.467
2023-12-24 06:23:00,1.0,0.2199560523878337,856064.0,0.0049484848484848,12.867
2023-12-24 06:24:00,1.0,0.2039641894925097,856064.0,0.0080999999999999,9.0
2023-12-24 06:25:00,1.0,0.1962808138543779,856064.0,0.0086607142857142,14.333
2023-12-24 06:26:00,1.0,0.1910795537196989,856064.0,0.0091477272727272,13.133
2023-12-24 06:27:00,1.0,0.1902210505242701,856064.0,0.0061071428571428,12.533
2023-12-24 06:28:00,1.0,0.1921240968909434,856064.0,0.0071999999999999,16.6
2023-12-24 06:29:00,1.0,0.1991791735328428,856064.0,0.0083888888888888,11.8
2023-12-24 06:30:00,1.0,0.1972152896757413,856064.0,0.0072749999999999,10.267
2023-12-24 06:31:00,1.0,0.2033992025404673,856064.0,0.0085312499999999,14.867
2023-12-24 06:32:00,1.0,0.2033559784335388,856064.0,0.0150357142857142,15.4
2023-12-24 06:33:00,1.0,0.2002639398594534,856064.0,0.0084999999999999,9.733
2023-12-24 06:34:00,1.0,0.197688953535036,856064.0,0.0082916666666666,9.2
2023-12-24 06:35:00,1.0,0.2003760316980111,856064.0,0.0066785714285714,10.467
2023-12-24 06:36:00,1.0,0.195574974354312,856064.0,0.010825,14.0
2023-12-24 06:37:00,1.0,0.1924489943262866,856064.0,0.0079791666666666,13.071
2023-12-24 06:38:00,1.0,0.200642846057037,856064.0,0.0064166666666666,15.4
2023-12-24 06:39:00,1.0,0.2025898588138955,856064.0,0.0049485714285714,14.267
2023-12-24 06:40:00,1.0,0.2046456651647533,856064.0,0.00915625,11.6
2023-12-24 06:41:00,1.0,0.2071108179919849,856064.0,0.0049673758865248,15.467
2023-12-24 06:42:00,1.0,0.2142164539046437,856064.0,0.0059249999999999,18.333
2023-12-24 06:43:00,1.0,0.2134528236194977,856064.0,0.0079423076923076,15.067
2023-12-24 06:44:00,1.0,0.2145691181849718,856064.0,0.009840909090909,12.667
2023-12-24 06:45:00,1.0,0.2207171420328764,856064.0,0.0091022727272727,16.333
2023-12-24 06:46:00,1.0,0.2199891725089441,856064.0,0.0087115384615384,15.333
2023-12-24 06:47:00,1.0,0.216789997946156,856064.0,0.0084833333333333,15.333
2023-12-24 06:48:00,1.0,0.216914077436161,856064.0,0.0111785714285713,15.067
2023-12-24 06:49:00,1.0,0.2128072774174079,856064.0,0.00925,9.667
2023-12-24 06:50:00,1.0,0.1956264843202368,856064.0,0.0097727272727272,11.333
2023-12-24 06:51:00,1.0,0.1959474285757265,856064.0,0.0137499999999999,13.867
2023-12-24 06:52:00,1.0,0.1944099845311706,856064.0,0.0060833333333333,12.467
2023-12-24 06:53:00,1.0,0.1902741673173526,856064.0,0.0054166666666666,10.6
2023-12-24 06:54:00,1.0,0.1949352575832383,856064.0,0.0072499999999999,12.8
2023-12-24 06:55:00,1.0,0.201479657405709,856064.0,0.0049741496598639,15.067
2023-12-24 06:56:00,1.0,0.199294754086031,856064.0,0.0073055555555555,13.2
2023-12-24 06:57:00,1.0,0.1964055553742622,856064.0,0.0065312499999999,11.733
2023-12-24 06:58:00,1.0,0.1905369858905916,856064.0,0.0081499999999999,10.133
2023-12-24 06:59:00,1.0,0.1818096743882204,856064.0,0.0080454545454545,7.067
2023-12-24 07:00:00,1.0,0.1705797107795867,856064.0,0.0087999999999999,8.4
2023-12-24 07:01:00,1.0,0.1615893777837128,856064.0,0.0093124999999999,9.533
2023-12-24 07:02:00,1.0,0.1667063584499545,856064.0,0.0059545454545454,13.0
2023-12-24 07:03:00,1.0,0.1627059761001241,856064.0,0.0095961538461538,9.867
2023-12-24 07:04:00,1.0,0.1717482653572021,856064.0,0.0081944444444444,12.533
2023-12-24 07:05:00,1.0,0.1735522071730598,856064.0,0.00615625,11.0
2023-12-24 07:06:00,1.0,0.178541457239245,856064.0,0.0049527272727272,9.267
2023-12-24 07:07:00,1.0,0.1740288033897677,856064.0,0.0049260869565217,8.467
2023-12-24 07:08:00,1.0,0.1743202631365173,856064.0,0.0049235955056179,8.533
2023-12-24 07:09:00,1.0,0.1709459177730097,856064.0,0.004947619047619,8.067
2023-12-24 07:10:00,1.0,0.1674494545441291,856064.0,0.0048693333333333,7.533
2023-12-24 07:11:00,1.0,0.1647000070917129,856064.0,0.0059166666666666,7.677
2023-12-24 07:12:00,1.0,0.1699817351499093,856064.0,0.0135357142857142,8.067
2023-12-24 07:13:00,1.0,0.1704899258148644,856064.0,0.0074999999999999,7.6
2023-12-24 07:14:00,1.0,0.1654910623999492,856064.0,0.0049480519480519,6.667
2023-12-24 07:15:00,1.0,0.1609881839760742,856064.0,0.0113124999999999,5.6
2023-12-24 07:16:00,1.0,0.1695452410030777,856064.0,0.00825,10.8
2023-12-24 07:17:00,1.0,0.1704405231151951,856064.0,0.0067812499999999,9.533
2023-12-24 07:18:00,1.0,0.1751987163633056,856064.0,0.0049980769230769,8.198
2023-12-24 07:19:00,1.0,0.1726779836240078,856064.0,0.0056249999999999,5.867
2023-12-24 07:20:00,1.0,0.1714344744260607,856064.0,0.0150624999999999,6.4
2023-12-24 07:21:00,1.0,0.1629236658551438,856064.0,0.0053499999999999,5.933
2023-12-24 07:22:00,1.0,0.1590484600371825,856064.0,0.0055625,7.467
2023-12-24 07:23:00,1.0,0.1517786031839356,856064.0,0.0240624999999999,5.8
2023-12-24 07:24:00,1.0,0.1609702902555145,856064.0,0.0089999999999999,6.933
2023-12-24 07:25:00,1.0,0.1575934658700691,856064.0,0.0069166666666666,7.667
2023-12-24 07:26:00,1.0,0.1609099525517389,856064.0,0.0053333333333333,6.4
2023-12-24 07:27:00,1.0,0.1652957489565394,856064.0,0.0049734939759036,7.133
2023-12-24 07:28:00,1.0,0.1651123549060788,856064.0,0.0051874999999999,9.067
2023-12-24 07:29:00,1.0,0.1600230995609811,856064.0,0.0058749999999999,6.333
2023-12-24 07:30:00,1.0,0.1657418499633245,856064.0,0.0071666666666666,7.2
2023-12-24 07:31:00,1.0,0.1650020811902912,856064.0,0.0076999999999999,6.867
2023-12-24 07:32:00,1.0,0.1576247650814529,856064.0,0.0048904109589041,6.467
2023-12-24 07:33:00,1.0,0.1539025685916742,856064.0,0.004974193548387,5.867
2023-12-24 07:34:00,1.0,0.1393063519252104,856064.0,0.0084285714285714,5.6
2023-12-24 07:35:00,1.0,0.1425279451176411,856064.0,0.0048613333333333,5.933
2023-12-24 07:36:00,1.0,0.1344451529110189,856064.0,0.0053749999999999,3.733
2023-12-24 07:37:00,1.0,0.1389686336160877,856064.0,0.0049891304347826,6.933
2023-12-24 07:38:00,1.0,0.1432179434358714,856064.0,0.0051499999999999,7.8
2023-12-24 07:39:00,1.0,0.142272950397289,856064.0,0.006875,7.131
2023-12-24 07:40:00,1.0,0.1475723137463808,856064.0,0.0058749999999999,5.6
2023-12-24 07:41:00,1.0,0.1533532482042026,856064.0,0.0081874999999999,6.333
2023-12-24 07:42:00,1.0,0.143010265747033,856064.0,0.0089,5.467
2023-12-24 07:43:00,1.0,0.14334570602179,856064.0,0.0075833333333333,6.933
2023-12-24 07:44:00,1.0,0.1468375197334318,856064.0,0.0098333333333333,5.8
2023-12-24 07:45:00,1.0,0.1468429478935699,856064.0,0.0049731343283582,5.733
2023-12-24 07:46:00,1.0,0.1499855755890774,856064.0,0.0064999999999999,7.467
2023-12-24 07:47:00,1.0,0.1526253142593881,856064.0,0.0152499999999999,7.0
2023-12-24 07:48:00,1.0,0.1438966564754905,856064.0,0.0049192307692307,4.2
2023-12-24 07:49:00,1.0,0.1453875042421903,856064.0,0.0077857142857142,6.6
2023-12-24 07:50:00,1.0,0.1518138218133209,856064.0,0.0081428571428571,7.333
2023-12-24 07:51:00,1.0,0.1462975911024205,856064.0,0.0048447058823529,7.133
2023-12-24 07:52:00,1.0,0.1559905537561553,856064.0,0.0055624999999999,8.533
2023-12-24 07:53:00,1.0,0.1699995571363677,856064.0,0.00778125,7.2
2023-12-24 07:54:00,1.0,0.170805817524564,856064.0,0.0070833333333333,6.6
2023-12-24 07:55:00,1.0,0.1671126189532085,856064.0,0.0051666666666666,6.2
2023-12-24 07:56:00,1.0,0.1665721125308125,856064.0,0.0064285714285714,6.533
2023-12-24 07:57:00,1.0,0.1556506919577612,856064.0,0.0048941176470588,4.867
2023-12-24 07:58:00,1.0,0.1453011882840744,856064.0,0.0487499999999998,4.067
2023-12-24 07:59:00,1.0,0.1433363041817114,856064.0,0.0114999999999999,5.0
2023-12-24 08:00:00,1.0,0.1438909342338449,856064.0,0.0049975903614457,6.733
2023-12-24 08:01:00,1.0,0.1423134123082794,856064.0,0.0089166666666666,6.776
2023-12-24 08:02:00,1.0,0.1460182001729879,856064.0,0.0048824999999999,6.533
2023-12-24 08:03:00,1.0,0.1497087640147953,856064.0,0.0089166666666666,4.8
2023-12-24 08:04:00,1.0,0.1541306303456834,856064.0,0.0068571428571428,8.0
2023-12-24 08:05:00,1.0,0.1531994634383207,856064.0,0.004835294117647,7.333
2023-12-24 08:06:00,1.0,0.1604112667842303,856064.0,0.0048767676767676,8.4
2023-12-24 08:07:00,1.0,0.1630423299890493,856064.0,0.0048632911392405,6.2
2023-12-24 08:08:00,1.0,0.1653086914004083,856064.0,0.0079583333333333,6.2
2023-12-24 08:09:00,1.0,0.1620774578108451,856064.0,0.0082499999999999,6.8
2023-12-24 08:10:00,1.0,0.1539090558120848,856064.0,0.0097999999999999,6.933
2023-12-24 08:11:00,1.0,0.1589431899596444,856064.0,0.0097499999999999,8.2
2023-12-24 08:12:00,1.0,0.1531894365074582,856064.0,0.0060833333333333,5.933
2023-12-24 08:13:00,1.0,0.1604864868248309,856064.0,0.0048963855421686,7.0
2023-12-24 08:14:00,1.0,0.1611120916405269,856064.0,0.0387500000000002,5.733
2023-12-24 08:15:00,1.0,0.1562618188452113,856064.0,0.0060833333333333,5.667
2023-12-24 08:16:00,1.0,0.151800266217161,856064.0,0.0049226666666666,5.867
2023-12-24 08:17:00,1.0,0.1505051944324884,856064.0,0.0049944444444444,5.533
2023-12-24 08:18:00,1.0,0.1456095471666627,856064.0,0.0096499999999999,4.533
2023-12-24 08:19:00,1.0,0.1494037584058755,856064.0,0.00975,7.0
2023-12-24 08:20:00,1.0,0.150436143491154,856064.0,0.0070833333333333,7.733
2023-12-24 08:21:00,1.0,0.1507248148157627,856064.0,0.0066249999999999,5.8
2023-12-24 08:22:00,1.0,0.1604227958320525,856064.0,0.0074999999999999,7.0
2023-12-24 08:23:00,1.0,0.1570474944829107,856064.0,0.0075833333333333,5.667
2023-12-24 08:24:00,1.0,0.1612385129640559,856064.0,0.0095555555555555,10.467
2023-12-24 08:25:00,1.0,0.1745452024352231,856064.0,0.0048794520547945,5.6
2023-12-24 08:26:00,1.0,0.1709186320783605,856064.0,0.0050624999999999,6.4
2023-12-24 08:27:00,1.0,0.1682351787494326,856064.0,0.00921875,5.867
2023-12-24 08:28:00,1.0,0.162199781974882,856064.0,0.0077499999999999,5.267
2023-12-24 08:29:00,1.0,0.1510584400285966,856064.0,0.0095624999999999,4.667
2023-12-24 08:30:00,1.0,0.1492387060302751,856064.0,0.0049333333333333,6.867
2023-12-24 08:31:00,1.0,0.1338415972626749,856064.0,0.0575,1.2
2023-12-24 08:32:00,1.0,0.1255774432817473,856064.0,0.0159999999999999,0.667
2023-12-24 08:33:00,1.0,0.1244487372898736,856064.0,0.0091249999999999,4.867
2023-12-24 08:34:00,1.0,0.129711142849725,856064.0,0.0216249999999999,5.867
2023-12-24 08:35:00,1.0,0.1394584286812143,856064.0,0.0074166666666666,5.933
2023-12-24 08:36:00,1.0,0.1579423455165157,856064.0,0.0086874999999999,7.267
2023-12-24 08:37:00,1.0,0.1649209118394497,856064.0,0.0049827586206896,4.133
2023-12-24 08:38:00,1.0,0.1609359678227448,856064.0,0.0057499999999999,4.8
2023-12-24 08:39:00,1.0,0.1545387705323946,856064.0,0.0159999999999999,4.867
2023-12-24 08:40:00,1.0,0.1541003037781825,856064.0,0.0048392156862745,4.0
2023-12-24 08:41:00,1.0,0.1416163500797774,856064.0,0.0049365853658536,3.533
2023-12-24 08:42:00,1.0,0.1469204663232886,856064.0,0.0135625,5.267
2023-12-24 08:43:00,1.0,0.1342873466157493,856064.0,0.0049096774193548,2.2
2023-12-24 08:44:00,1.0,0.1397008420816752,856064.0,0.0056875,5.667
2023-12-24 08:45:00,1.0,0.1413298413855557,856064.0,0.0049842105263157,5.6
2023-12-24 08:46:00,1.0,0.1394144437531547,856064.0,0.0069999999999999,0.867
2023-12-24 08:47:00,1.0,0.1273120032215596,856064.0,0.0047999999999999,0.267
2023-12-24 08:48:00,1.0,0.1289388374961972,856064.0,0.004970909090909,4.2
2023-12-24 08:49:00,1.0,0.1233177979516176,856064.0,0.0399999999999999,2.4
2023-12-24 08:50:00,1.0,0.117174909313273,856064.0,0.0824999999999999,0.8
2023-12-24 08:51:00,1.0,0.1257693279594287,856064.0,0.0048873239436619,6.4
2023-12-24 08:52:00,1.0,0.1310339478632074,856064.0,0.0049818181818181,4.533
2023-12-24 08:53:00,1.0,0.134753734593442,856064.0,0.0094999999999999,5.667
2023-12-24 08:54:00,1.0,0.1417877392682407,856064.0,0.0048888888888888,6.733
2023-12-24 08:55:00,1.0,0.1435510540350832,856064.0,0.0048896551724137,4.933
2023-12-24 08:56:00,1.0,0.1488373110835629,856064.0,0.0074166666666666,6.2
2023-12-24 08:57:00,1.0,0.1434489013712402,856064.0,0.0049555555555555,4.6
2023-12-24 08:58:00,1.0,0.1435188831165253,856064.0,0.0048461538461538,3.866
2023-12-24 08:59:00,1.0,0.1416515500168293,856064.0,0.0381249999999999,5.333
2023-12-24 09:00:00,1.0,0.1540432465442494,856064.0,0.0095499999999999,6.133
2023-12-24 09:01:00,1.0,0.1487357925628233,856064.0,0.0049283018867924,4.0
2023-12-24 09:02:00,1.0,0.1494546030110845,856064.0,0.0049571428571428,3.467
2023-12-24 09:03:00,1.0,0.1450571177709339,856064.0,0.0095,1.8
2023-12-24 09:04:00,1.0,0.1389240406331396,856064.0,0.0049259259259259,1.867
2023-12-24 09:05:00,1.0,0.1370893783710334,856064.0,0.0048023255813953,8.667
2023-12-24 09:06:00,1.0,0.1401606662302412,856064.0,0.0048851063829787,4.733
2023-12-24 09:07:00,1.0,0.1460452641235133,856064.0,0.0103749999999999,6.733
2023-12-24 09:08:00,1.0,0.1551524562996857,856064.0,0.0049791044776119,6.133
2023-12-24 09:09:00,1.0,0.1601296575157297,856064.0,0.0049948051948051,6.467
2023-12-24 09:10:00,1.0,0.1555977701602462,856064.0,0.0048752688172043,7.6
2023-12-24 09:11:00,1.0,0.1657929017379768,856064.0,0.0084375,8.267
2023-12-24 09:12:00,1.0,0.1663324012392461,856064.0,0.0083999999999999,7.667
2023-12-24 09:13:00,1.0,0.1743756318391332,856064.0,0.049375,7.067
2023-12-24 09:14:00,1.0,0.1755182336348975,856064.0,0.0098749999999999,5.467
2023-12-24 09:15:00,1.0,0.1739308403570834,856064.0,0.0086666666666666,6.4
2023-12-24 09:16:00,1.0,0.1697607499833519,856064.0,0.0156999999999999,6.4
2023-12-24 09:17:00,1.0,0.1726563892400806,856064.0,0.0098749999999999,8.0
2023-12-24 09:18:00,1.0,0.1682110494446743,856064.0,0.0070833333333333,6.533
2023-12-24 09:19:00,1.0,0.1655346249152166,856064.0,0.0083214285714285,6.8
2023-12-24 09:20:00,1.0,0.166617395326291,856064.0,0.0080999999999999,7.733
2023-12-24 09:21:00,1.0,0.1670234725971428,856064.0,0.0065,6.867
2023-12-24 09:22:00,1.0,0.1627052684270456,856064.0,0.0056666666666666,7.467
2023-12-24 09:23:00,1.0,0.1595414550050324,856064.0,0.0094772727272727,8.0
2023-12-24 09:24:00,1.0,0.1613492464135963,856064.0,0.0131499999999999,7.867
2023-12-24 09:25:00,1.0,0.167816521343109,856064.0,0.0049672727272727,9.0
2023-12-24 09:26:00,1.0,0.1680641059120677,856064.0,0.0049696969696969,7.667
2023-12-24 09:27:00,1.0,0.1703241286480534,856064.0,0.0070999999999999,6.867
2023-12-24 09:28:00,1.0,0.1705449697617924,856064.0,0.0049310344827586,7.2
2023-12-24 09:29:00,1.0,0.1700961506514795,856064.0,0.004995238095238,6.667
2023-12-24 09:30:00,1.0,0.1593562273827187,856064.0,0.0049205882352941,6.0
2023-12-24 09:31:00,1.0,0.156060636369011,856064.0,0.0049625,6.267
2023-12-24 09:32:00,1.0,0.1528446417689766,856064.0,0.0048282828282828,8.6
2023-12-24 09:33:00,1.0,0.1582416736713056,856064.0,0.0049821782178217,8.333
2023-12-24 09:34:00,1.0,0.1538866192939801,856064.0,0.0049265306122448,9.067
2023-12-24 09:35:00,1.0,0.1608895934920539,856064.0,0.0048753623188405,5.333
2023-12-24 09:36:00,1.0,0.1612516631336995,856064.0,0.0079499999999999,8.4
2023-12-24 09:37:00,1.0,0.1683943619319464,856064.0,0.0048018348623853,8.2
2023-12-24 09:38:00,1.0,0.1709413829702373,856064.0,0.0078749999999999,7.733
2023-12-24 09:39:00,1.0,0.1677348401487862,856064.0,0.0122499999999999,6.133
2023-12-24 09:40:00,1.0,0.1660771443189526,856064.0,0.0049173913043478,4.0
2023-12-24 09:41:00,1.0,0.1656954468170751,856064.0,0.0049372093023255,7.133
2023-12-24 09:42:00,1.0,0.1639053077325981,856064.0,0.0103749999999999,7.8
2023-12-24 09:43:00,1.0,0.1640430295519941,856064.0,0.0071875,9.467
2023-12-24 09:44:00,1.0,0.1680603097702872,856064.0,0.0049878787878787,9.267
2023-12-24 09:45:00,1.0,0.1698798246995349,856064.0,0.006875,7.218
2023-12-24 09:46:00,1.0,0.1704499777355516,856064.0,0.0083214285714285,7.0
2023-12-24 09:47:00,1.0,0.1722716906425024,856064.0,0.0049771929824561,8.6
2023-12-24 09:48:00,1.0,0.1688873769346988,856064.0,0.0049752577319587,7.4
2023-12-24 09:49:00,1.0,0.1693357932374123,856064.0,0.0048824999999999,7.133
2023-12-24 09:50:00,1.0,0.1630909002015336,856064.0,0.0060833333333333,8.133
2023-12-24 09:51:00,1.0,0.1733218838098174,856064.0,0.0076666666666666,9.0
2023-12-24 09:52:00,1.0,0.1711720317274583,856064.0,0.0064642857142856,10.867
2023-12-24 09:53:00,1.0,0.1697821023609663,856064.0,0.0052142857142857,10.267
2023-12-24 09:54:00,1.0,0.1834440878045999,856064.0,0.004971653543307,10.533
2023-12-24 09:55:00,1.0,0.1910596840064444,856064.0,0.0062222222222222,11.0
2023-12-24 09:56:00,1.0,0.1950696809558313,856064.0,0.0081249999999999,10.933
2023-12-24 09:57:00,1.0,0.1993475892143814,856064.0,0.0078611111111111,13.333
2023-12-24 09:58:00,1.0,0.2013093391672221,856064.0,0.0069285714285714,10.669
2023-12-24 09:59:00,1.0,0.1987596840338291,856064.0,0.0057916666666666,10.733
2023-12-24 10:00:00,1.0,0.1959765125389336,856064.0,0.0049833333333333,10.267
2023-12-24 10:01:00,1.0,0.1951076777977539,856064.0,0.0049895522388059,12.333
2023-12-24 10:02:00,1.0,0.1842762016936276,856064.0,0.0095666666666666,8.8
2023-12-24 10:03:00,1.0,0.1868054708852296,856064.0,0.0085833333333333,10.2
2023-12-24 10:04:00,1.0,0.1916726925998957,856064.0,0.0049218543046357,13.533
2023-12-24 10:05:00,1.0,0.2014753310076084,856064.0,0.0060714285714285,9.667
2023-12-24 10:06:00,1.0,0.1906185690143762,856064.0,0.0087499999999999,6.933
2023-12-24 10:07:00,1.0,0.1981470688344797,856064.0,0.0111249999999999,11.0
2023-12-24 10:08:00,1.0,0.200252734308798,856064.0,0.0072857142857143,14.333
2023-12-24 10:09:00,1.0,0.2028797492931743,856064.0,0.0079027777777777,15.2
2023-12-24 10:10:00,1.0,0.1973974451826116,856064.0,0.0117499999999999,11.2
2023-12-24 10:11:00,1.0,0.1937960349160573,856064.0,0.0085,8.867
2023-12-24 10:12:00,1.0,0.1963985687455405,856064.0,0.0057727272727272,15.0
2023-12-24 10:13:00,1.0,0.2060871226205946,856064.0,0.0068499999999999,16.733
2023-12-24 10:14:00,1.0,0.2122406021647972,856064.0,0.0072692307692307,18.6
2023-12-24 10:15:00,1.0,0.2216399389395827,856064.0,0.0090921052631578,15.4
2023-12-24 10:16:00,1.0,0.2274993849999262,856064.0,0.0051071428571428,13.2
2023-12-24 10:17:00,1.0,0.2255108550639627,856064.0,0.0126538461538461,15.467
2023-12-24 10:18:00,1.0,0.2267970231017244,856064.0,0.0136818181818181,17.8
2023-12-24 10:19:00,1.0,0.2190981697526524,856064.0,0.0048761904761904,16.8
2023-12-24 10:20:00,1.0,0.2274304874966066,856064.0,0.0081249999999999,15.667
2023-12-24 10:21:00,1.0,0.2311114119734953,856064.0,0.0085227272727272,13.867
2023-12-24 10:22:00,1.0,0.2273888286109097,856064.0,0.0048573033707865,17.667
2023-12-24 10:23:00,1.0,0.2204160961584325,856064.0,0.0110833333333333,15.067
2023-12-24 10:24:00,1.0,0.2281633544666746,856064.0,0.0074833333333333,15.133
2023-12-24 10:25:00,1.0,0.2220548616922707,856064.0,0.0049445945945945,15.933
2023-12-24 10:26:00,1.0,0.2258842399153807,856064.0,0.0048382352941176,17.8
2023-12-24 10:27:00,1.0,0.216352633767495,856064.0,0.0049708737864077,10.0
2023-12-24 10:28:00,1.0,0.2022917459157468,856064.0,0.008590909090909,9.2
2023-12-24 10:29:00,1.0,0.1915258245417495,856064.0,0.0091071428571428,9.933
2023-12-24 10:30:00,1.0,0.1935343304831519,856064.0,0.0078636363636363,12.867
2023-12-24 10:31:00,1.0,0.1916157025838785,856064.0,0.0068437499999999,12.2
2023-12-24 10:32:00,1.0,0.194786421399425,856064.0,0.0083333333333333,9.267
2023-12-24 10:33:00,1.0,0.20013623375213,856064.0,0.0139,11.2
2023-12-24 10:34:00,1.0,0.204185185394189,856064.0,0.0085384615384615,13.2
2023-12-24 10:35:00,1.0,0.1999635068302323,856064.0,0.0091874999999999,11.4
2023-12-24 10:36:00,1.0,0.2048592502422535,856064.0,0.0048896103896103,17.067
2023-12-24 10:37:00,1.0,0.2152130696374085,856064.0,0.0069642857142857,15.8
2023-12-24 10:38:00,1.0,0.220648366163095,856064.0,0.0054999999999999,13.6
2023-12-24 10:39:00,1.0,0.22057143586361,856064.0,0.0049763157894736,14.467
2023-12-24 10:40:00,1.0,0.2204357773491227,856064.0,0.0063333333333333,11.0
2023-12-24 10:41:00,1.0,0.2122130602779658,856064.0,0.01,10.533
2023-12-24 10:42:00,1.0,0.2076428813885898,856064.0,0.0080714285714285,10.533
2023-12-24 10:43:00,1.0,0.2052158451144673,856064.0,0.0116249999999999,10.933
2023-12-24 10:44:00,1.0,0.202399467818914,856064.0,0.0066,11.064
2023-12-24 10:45:00,1.0,0.2045277858038004,856064.0,0.0061249999999999,12.2
2023-12-24 10:46:00,1.0,0.2080822700887153,856064.0,0.0079285714285714,11.8
2023-12-24 10:47:00,1.0,0.1959603283160469,856064.0,0.0048892857142857,9.8
2023-12-24 10:48:00,1.0,0.1963118579809378,856064.0,0.0062499999999999,9.067
2023-12-24 10:49:00,1.0,0.1945408081445485,856064.0,0.0049171875,12.0
2023-12-24 10:50:00,1.0,0.2033283473402086,856064.0,0.0083375,19.6
2023-12-24 10:51:00,1.0,0.2101850583605924,856064.0,0.0076666666666666,15.133
2023-12-24 10:52:00,1.0,0.2137583300639078,856064.0,0.0074749999999999,12.133
2023-12-24 10:53:00,1.0,0.2111223951010048,856064.0,0.0048857142857142,11.4
2023-12-24 10:54:00,1.0,0.2179714706260579,856064.0,0.0054166666666666,10.133
2023-12-24 10:55:00,1.0,0.2016064913913798,856064.0,0.0098846153846153,9.8
2023-12-24 10:56:00,1.0,0.1946582155299359,856064.0,0.0055,9.733
2023-12-24 10:57:00,1.0,0.1919879016125574,856064.0,0.0090624999999999,10.467
2023-12-24 10:58:00,1.0,0.195050993107428,856064.0,0.0097045454545454,13.133
2023-12-24 10:59:00,1.0,0.2002596412276318,856064.0,0.0090749999999999,14.267
2023-12-24 11:00:00,1.0,0.1987134965311467,856064.0,0.0084444444444444,10.267
2023-12-24 11:01:00,1.0,0.2093800164498963,856064.0,0.0097499999999999,11.135
2023-12-24 11:02:00,1.0,0.2068181103756047,856064.0,0.0088928571428571,8.933
2023-12-24 11:03:00,1.0,0.1950603592508643,856064.0,0.00645,8.6
2023-12-24 11:04:00,1.0,0.1807736261318085,856064.0,0.0049858823529411,8.467
2023-12-24 11:05:00,1.0,0.1807980534074285,856064.0,0.0089999999999999,9.6
2023-12-24 11:06:00,1.0,0.1793408454536446,856064.0,0.0049484375,9.733
2023-12-24 11:07:00,1.0,0.1818571627566134,856064.0,0.0219999999999999,7.533
2023-12-24 11:08:00,1.0,0.1920959640274629,856064.0,0.0087499999999999,8.667
2023-12-24 11:09:00,1.0,0.1995058622907898,856064.0,0.0049326923076923,9.067
2023-12-24 11:10:00,1.0,0.1970488877440138,856064.0,0.0084642857142857,8.133
2023-12-24 11:11:00,1.0,0.192771056344415,856064.0,0.0084374999999999,8.467
2023-12-24 11:12:00,1.0,0.1928948674042784,856064.0,0.0092249999999999,8.333
2023-12-24 11:13:00,1.0,0.1894185728812927,856064.0,0.0091666666666666,7.4
2023-12-24 11:14:00,1.0,0.1836921976151343,856064.0,0.0048392156862745,8.133
2023-12-24 11:15:00,1.0,0.1920783911537574,856064.0,0.0120624999999999,10.2
2023-12-24 11:16:00,1.0,0.1879084137375741,856064.0,0.0067499999999999,8.265
2023-12-24 11:17:00,1.0,0.1867199837125107,856064.0,0.0049797979797979,7.267
2023-12-24 11:18:00,1.0,0.1882975747967851,856064.0,0.0071,7.533
2023-12-24 11:19:00,1.0,0.1836937650460144,856064.0,0.0049368421052631,7.0
2023-12-24 11:20:00,1.0,0.1804558356815084,856064.0,0.01075,7.667
2023-12-24 11:21:00,1.0,0.185598980035616,856064.0,0.0071666666666666,7.867
2023-12-24 11:22:00,1.0,0.1859236181120251,856064.0,0.0052499999999999,9.0
2023-12-24 11:23:00,1.0,0.1866367777954432,856064.0,0.0065357142857142,8.932
2023-12-24 11:24:00,1.0,0.1888348149169386,856064.0,0.0197499999999999,7.2
2023-12-24 11:25:00,1.0,0.1850665068777881,856064.0,0.0287499999999999,6.133
2023-12-24 11:26:00,1.0,0.1822698153692492,856064.0,0.00493125,7.8
2023-12-24 11:27:00,1.0,0.1760469339588482,856064.0,0.0061249999999999,8.2
2023-12-24 11:28:00,1.0,0.1747076208411115,856064.0,0.0082499999999999,8.333
2023-12-24 11:29:00,1.0,0.1629341372279299,856064.0,0.0325000000000002,6.467
2023-12-24 11:30:00,1.0,0.1721154357904591,856064.0,0.0431249999999996,8.667
2023-12-24 11:31:00,1.0,0.1792520058761665,856064.0,0.0049296703296703,9.067
2023-12-24 11:32:00,1.0,0.1750527965528775,856064.0,0.0063124999999999,7.733
2023-12-24 11:33:00,1.0,0.1790701440287397,856064.0,0.0089999999999999,5.667
2023-12-24 11:34:00,1.0,0.1810091024854549,856064.0,0.0048337078651685,7.467
2023-12-24 11:35:00,1.0,0.173178973033037,856064.0,0.0081499999999999,6.267
2023-12-24 11:36:00,1.0,0.1837714909318355,856064.0,0.0049867924528301,8.2
2023-12-24 11:37:00,1.0,0.1892209393684307,856064.0,0.0182499999999999,8.333
2023-12-24 11:38:00,1.0,0.1919759052517572,856064.0,0.0224499999999999,6.467
2023-12-24 11:39:00,1.0,0.1986200043368234,856064.0,0.0048319999999999,9.8
2023-12-24 11:40:00,1.0,0.1957575046875788,856064.0,0.0066785714285714,7.6
2023-12-24 11:41:00,1.0,0.1906730726977851,856064.0,0.0081875,8.0
2023-12-24 11:42:00,1.0,0.1897613966048265,856064.0,0.0049366336633663,8.467
2023-12-24 11:43:00,1.0,0.1853608174441857,856064.0,0.0070499999999999,7.933
2023-12-24 11:44:00,1.0,0.1878276111585163,856064.0,0.0077999999999999,8.133
2023-12-24 11:45:00,1.0,0.1904190106202472,856064.0,0.0048910714285714,9.2
2023-12-24 11:46:00,1.0,0.1784038448651125,856064.0,0.0049878787878787,5.333
2023-12-24 11:47:00,1.0,0.1758687715993865,856064.0,0.0049974025974025,6.867
2023-12-24 11:48:00,1.0,0.1719852716760066,856064.0,0.0074583333333333,7.933
2023-12-24 11:49:00,1.0,0.1632410551120524,856064.0,0.0091666666666666,8.133
2023-12-24 11:50:00,1.0,0.169302015900972,856064.0,0.014,7.0
2023-12-24 11:51:00,1.0,0.1761772000244685,856064.0,0.0049333333333333,7.333
2023-12-24 11:52:00,1.0,0.171951697248933,856064.0,0.0068124999999999,8.867
2023-12-24 11:53:00,1.0,0.1755061514119293,856064.0,0.0065,7.533
2023-12-24 11:54:00,1.0,0.1791956834258448,856064.0,0.0048755905511811,10.667
2023-12-24 11:55:00,1.0,0.1794303549155905,856064.0,0.00871875,9.467
2023-12-24 11:56:00,1.0,0.1813125977460179,856064.0,0.019375,7.667
2023-12-24 11:57:00,1.0,0.1772535724875564,856064.0,0.0075,8.533
2023-12-24 11:58:00,1.0,0.1847840002456855,856064.0,0.0065714285714285,10.333
2023-12-24 11:59:00,1.0,0.1813226331643976,856064.0,0.0189999999999998,7.8
2023-12-24 12:00:00,1.0,0.1752621363254856,856064.0,0.0049347826086956,7.4
2023-12-24 12:01:00,1.0,0.1707584238741544,856064.0,0.0082857142857142,8.533
2023-12-24 12:02:00,1.0,0.1770504888782006,856064.0,0.0048699029126213,8.533
2023-12-24 12:03:00,1.0,0.1777872979156009,856064.0,0.0048059405940594,7.867
2023-12-24 12:04:00,1.0,0.1723851627295178,856064.0,0.0049129411764705,6.467
2023-12-24 12:05:00,1.0,0.1768677135524304,856064.0,0.0051666666666666,9.2
2023-12-24 12:06:00,1.0,0.1821191419095436,856064.0,0.0071875,8.733
2023-12-24 12:07:00,1.0,0.182040350879806,856064.0,0.0074999999999999,6.067
2023-12-24 12:08:00,1.0,0.1836595338091552,856064.0,0.0080937499999999,8.067
2023-12-24 12:09:00,1.0,0.1939005083203002,856064.0,0.0049637583892617,14.733
2023-12-24 12:10:00,1.0,0.1928902168308437,856064.0,0.0051249999999999,9.2
2023-12-24 12:11:00,1.0,0.1849288025603875,856064.0,0.0109999999999999,8.133
2023-12-24 12:12:00,1.0,0.1806193938409754,856064.0,0.0048462962962962,9.467
2023-12-24 12:13:00,1.0,0.1749426307405204,856064.0,0.0093333333333333,8.0
2023-12-24 12:14:00,1.0,0.1650335105803676,856064.0,0.0055999999999999,8.533
